{"status": true, "contents": {"totalCount": 50, "items": [{"type": "track", "id": "01qFKNWq73UfEslI0GvumE", "name": "3D (feat. Jack Harlow)", "shareUrl": "https://open.spotify.com/track/01qFKNWq73UfEslI0GvumE", "durationMs": 201812, "durationText": "03:21", "discNumber": 1, "trackNumber": 1, "playCount": 30569756, "artists": [{"type": "artist", "id": "6HaGTQPmzraVmaVxvz6EUc", "name": "Jung Kook", "shareUrl": "https://open.spotify.com/artist/6HaGTQPmzraVmaVxvz6EUc"}, {"type": "artist", "id": "2LIk90788K0zvyj2JJVwkJ", "name": "Jack Harlow", "shareUrl": "https://open.spotify.com/artist/2LIk90788K0zvyj2JJVwkJ"}], "album": {"type": "album", "id": "0fJ0beklzFwoBv01U8792s", "name": "3D : The Remixes", "shareUrl": "https://open.spotify.com/album/0fJ0beklzFwoBv01U8792s", "artists": [{"type": "artist", "id": "6HaGTQPmzraVmaVxvz6EUc", "name": "Jung Kook", "shareUrl": "https://open.spotify.com/artist/6HaGTQPmzraVmaVxvz6EUc"}, {"type": "artist", "id": "2LIk90788K0zvyj2JJVwkJ", "name": "Jack Harlow", "shareUrl": "https://open.spotify.com/artist/2LIk90788K0zvyj2JJVwkJ"}], "cover": [{"url": "https://i.scdn.co/image/ab67616d00001e0299583bb32b47e87d55c6064b", "width": 300, "height": 300}, {"url": "https://i.scdn.co/image/ab67616d0000485199583bb32b47e87d55c6064b", "width": 64, "height": 64}, {"url": "https://i.scdn.co/image/ab67616d0000b27399583bb32b47e87d55c6064b", "width": 640, "height": 640}]}, "playlist": {"addedAt": "2023-10-03T10:49:24Z", "addedBy": null}}, {"type": "track", "id": "7x9aauaA9cu6tyfpHnqDLo", "name": "Seven (feat. Latto) (Explicit Ver.)", "shareUrl": "https://open.spotify.com/track/7x9aauaA9cu6tyfpHnqDLo", "durationMs": 184400, "durationText": "03:04", "discNumber": 1, "trackNumber": 2, "playCount": 825957263, "artists": [{"type": "artist", "id": "6HaGTQPmzraVmaVxvz6EUc", "name": "Jung Kook", "shareUrl": "https://open.spotify.com/artist/6HaGTQPmzraVmaVxvz6EUc"}, {"type": "artist", "id": "3MdXrJWsbVzdn6fe5JYkSQ", "name": "Latto", "shareUrl": "https://open.spotify.com/artist/3MdXrJWsbVzdn6fe5JYkSQ"}], "album": {"type": "album", "id": "53985D8g3JcGBoULSOYYKX", "name": "Seven (feat. Latto)", "shareUrl": "https://open.spotify.com/album/53985D8g3JcGBoULSOYYKX", "artists": [{"type": "artist", "id": "6HaGTQPmzraVmaVxvz6EUc", "name": "Jung Kook", "shareUrl": "https://open.spotify.com/artist/6HaGTQPmzraVmaVxvz6EUc"}, {"type": "artist", "id": "3MdXrJWsbVzdn6fe5JYkSQ", "name": "Latto", "shareUrl": "https://open.spotify.com/artist/3MdXrJWsbVzdn6fe5JYkSQ"}], "cover": [{"url": "https://i.scdn.co/image/ab67616d00001e02bf5cce5a0e1ed03a626bdd74", "width": 300, "height": 300}, {"url": "https://i.scdn.co/image/ab67616d00004851bf5cce5a0e1ed03a626bdd74", "width": 64, "height": 64}, {"url": "https://i.scdn.co/image/ab67616d0000b273bf5cce5a0e1ed03a626bdd74", "width": 640, "height": 640}]}, "playlist": {"addedAt": "2023-10-03T10:49:24Z", "addedBy": null}}, {"type": "track", "id": "56y1jOTK0XSvJzVv9vHQBK", "name": "Paint The Town Red", "shareUrl": "https://open.spotify.com/track/56y1jOTK0XSvJzVv9vHQBK", "durationMs": 230480, "durationText": "03:50", "discNumber": 1, "trackNumber": 1, "playCount": 356592711, "artists": [{"type": "artist", "id": "5cj0lLjcoR7YOSnhnX0Po5", "name": "Doja Cat", "shareUrl": "https://open.spotify.com/artist/5cj0lLjcoR7YOSnhnX0Po5"}], "album": {"type": "album", "id": "1bBez9PNvkJPW08bU7NYta", "name": "Scarlet", "shareUrl": "https://open.spotify.com/album/1bBez9PNvkJPW08bU7NYta", "artists": [{"type": "artist", "id": "5cj0lLjcoR7YOSnhnX0Po5", "name": "Doja Cat", "shareUrl": "https://open.spotify.com/artist/5cj0lLjcoR7YOSnhnX0Po5"}], "cover": [{"url": "https://i.scdn.co/image/ab67616d00001e02a840032f14ab22da396e43cb", "width": 300, "height": 300}, {"url": "https://i.scdn.co/image/ab67616d00004851a840032f14ab22da396e43cb", "width": 64, "height": 64}, {"url": "https://i.scdn.co/image/ab67616d0000b273a840032f14ab22da396e43cb", "width": 640, "height": 640}]}, "playlist": {"addedAt": "2023-10-03T10:49:24Z", "addedBy": null}}, {"type": "track", "id": "3rUGC1vUpkDG9CZFHMur1t", "name": "greedy", "shareUrl": "https://open.spotify.com/track/3rUGC1vUpkDG9CZFHMur1t", "durationMs": 131872, "durationText": "02:11", "discNumber": 1, "trackNumber": 1, "playCount": 74959220, "artists": [{"type": "artist", "id": "45dkTj5sMRSjrmBSBeiHym", "name": "Tate McRae", "shareUrl": "https://open.spotify.com/artist/45dkTj5sMRSjrmBSBeiHym"}], "album": {"type": "album", "id": "3UOV8XvCwMKaATRNXrYCjN", "name": "greedy", "shareUrl": "https://open.spotify.com/album/3UOV8XvCwMKaATRNXrYCjN", "artists": [{"type": "artist", "id": "45dkTj5sMRSjrmBSBeiHym", "name": "Tate McRae", "shareUrl": "https://open.spotify.com/artist/45dkTj5sMRSjrmBSBeiHym"}], "cover": [{"url": "https://i.scdn.co/image/ab67616d00001e0222fd802bc61db666c7c81aa8", "width": 300, "height": 300}, {"url": "https://i.scdn.co/image/ab67616d0000485122fd802bc61db666c7c81aa8", "width": 64, "height": 64}, {"url": "https://i.scdn.co/image/ab67616d0000b27322fd802bc61db666c7c81aa8", "width": 640, "height": 640}]}, "playlist": {"addedAt": "2023-10-03T10:49:24Z", "addedBy": null}}, {"type": "track", "id": "5mjYQaktjmjcMKcUIcqz4s", "name": "Strangers", "shareUrl": "https://open.spotify.com/track/5mjYQaktjmjcMKcUIcqz4s", "durationMs": 172964, "durationText": "02:52", "discNumber": 1, "trackNumber": 1, "playCount": 110198354, "artists": [{"type": "artist", "id": "7uMDnSZyUYNBPLhPMNuaM2", "name": "Kenya Grace", "shareUrl": "https://open.spotify.com/artist/7uMDnSZyUYNBPLhPMNuaM2"}], "album": {"type": "album", "id": "18ogtNq9F7DmMkNYO6Xb4k", "name": "Strangers", "shareUrl": "https://open.spotify.com/album/18ogtNq9F7DmMkNYO6Xb4k", "artists": [{"type": "artist", "id": "7uMDnSZyUYNBPLhPMNuaM2", "name": "Kenya Grace", "shareUrl": "https://open.spotify.com/artist/7uMDnSZyUYNBPLhPMNuaM2"}], "cover": [{"url": "https://i.scdn.co/image/ab67616d00001e024756c2e9ae436437cd75e9f3", "width": 300, "height": 300}, {"url": "https://i.scdn.co/image/ab67616d000048514756c2e9ae436437cd75e9f3", "width": 64, "height": 64}, {"url": "https://i.scdn.co/image/ab67616d0000b2734756c2e9ae436437cd75e9f3", "width": 640, "height": 640}]}, "playlist": {"addedAt": "2023-10-03T10:49:24Z", "addedBy": null}}, {"type": "track", "id": "1BxfuPKGuaTgP7aM0Bbdwr", "name": "Cruel Summer", "shareUrl": "https://open.spotify.com/track/1BxfuPKGuaTgP7aM0Bbdwr", "durationMs": 178426, "durationText": "02:58", "discNumber": 1, "trackNumber": 2, "playCount": 1151554203, "artists": [{"type": "artist", "id": "06HL4z0CvFAxyc27GXpf02", "name": "Taylor Swift", "shareUrl": "https://open.spotify.com/artist/06HL4z0CvFAxyc27GXpf02"}], "album": {"type": "album", "id": "1NAmidJlEaVgA3MpcPFYGq", "name": "Lover", "shareUrl": "https://open.spotify.com/album/1NAmidJlEaVgA3MpcPFYGq", "artists": [{"type": "artist", "id": "06HL4z0CvFAxyc27GXpf02", "name": "Taylor Swift", "shareUrl": "https://open.spotify.com/artist/06HL4z0CvFAxyc27GXpf02"}], "cover": [{"url": "https://i.scdn.co/image/ab67616d00001e02e787cffec20aa2a396a61647", "width": 300, "height": 300}, {"url": "https://i.scdn.co/image/ab67616d00004851e787cffec20aa2a396a61647", "width": 64, "height": 64}, {"url": "https://i.scdn.co/image/ab67616d0000b273e787cffec20aa2a396a61647", "width": 640, "height": 640}]}, "playlist": {"addedAt": "2023-10-03T10:49:24Z", "addedBy": null}}, {"type": "track", "id": "5RqSsdzTNPX1uzkmlHCFvK", "name": "QLONA", "shareUrl": "https://open.spotify.com/track/5RqSsdzTNPX1uzkmlHCFvK", "durationMs": 172797, "durationText": "02:52", "discNumber": 1, "trackNumber": 5, "playCount": 196461114, "artists": [{"type": "artist", "id": "790FomKkXshlbRYZFtlgla", "name": "KAROL G", "shareUrl": "https://open.spotify.com/artist/790FomKkXshlbRYZFtlgla"}, {"type": "artist", "id": "12GqGscKJx3aE4t07u7eVZ", "name": "Peso Pluma", "shareUrl": "https://open.spotify.com/artist/12GqGscKJx3aE4t07u7eVZ"}], "album": {"type": "album", "id": "0FqAaUEyKCyUNFE1uQPZ7i", "name": "MA\u00d1ANA SER\u00c1 BONITO (BICHOTA SEASON)", "shareUrl": "https://open.spotify.com/album/0FqAaUEyKCyUNFE1uQPZ7i", "artists": [{"type": "artist", "id": "790FomKkXshlbRYZFtlgla", "name": "KAROL G", "shareUrl": "https://open.spotify.com/artist/790FomKkXshlbRYZFtlgla"}], "cover": [{"url": "https://i.scdn.co/image/ab67616d00001e02d026bf9d7780f6a1267b4d03", "width": 300, "height": 300}, {"url": "https://i.scdn.co/image/ab67616d00004851d026bf9d7780f6a1267b4d03", "width": 64, "height": 64}, {"url": "https://i.scdn.co/image/ab67616d0000b273d026bf9d7780f6a1267b4d03", "width": 640, "height": 640}]}, "playlist": {"addedAt": "2023-10-03T10:49:24Z", "addedBy": null}}, {"type": "track", "id": "7ABLbnD53cQK00mhcaOUVG", "name": "LALA", "shareUrl": "https://open.spotify.com/track/7ABLbnD53cQK00mhcaOUVG", "durationMs": 197920, "durationText": "03:17", "discNumber": 1, "trackNumber": 22, "playCount": 470247058, "artists": [{"type": "artist", "id": "7iK8PXO48WeuP03g8YR51W", "name": "Myke Towers", "shareUrl": "https://open.spotify.com/artist/7iK8PXO48WeuP03g8YR51W"}], "album": {"type": "album", "id": "3puAvurwvtvi1rodndIPW8", "name": "LA VIDA ES UNA", "shareUrl": "https://open.spotify.com/album/3puAvurwvtvi1rodndIPW8", "artists": [{"type": "artist", "id": "7iK8PXO48WeuP03g8YR51W", "name": "Myke Towers", "shareUrl": "https://open.spotify.com/artist/7iK8PXO48WeuP03g8YR51W"}], "cover": [{"url": "https://i.scdn.co/image/ab67616d00001e020656d5ce813ca3cc4b677e05", "width": 300, "height": 300}, {"url": "https://i.scdn.co/image/ab67616d000048510656d5ce813ca3cc4b677e05", "width": 64, "height": 64}, {"url": "https://i.scdn.co/image/ab67616d0000b2730656d5ce813ca3cc4b677e05", "width": 640, "height": 640}]}, "playlist": {"addedAt": "2023-10-03T10:49:24Z", "addedBy": null}}, {"type": "track", "id": "2HafqoJbgXdtjwCOvNEF14", "name": "Si No Est\u00e1s", "shareUrl": "https://open.spotify.com/track/2HafqoJbgXdtjwCOvNEF14", "durationMs": 184061, "durationText": "03:04", "discNumber": 1, "trackNumber": 1, "playCount": 24413575, "artists": [{"type": "artist", "id": "0jbo7KFNMiIkfBR6ih0yhm", "name": "i\u00f1igo quintero", "shareUrl": "https://open.spotify.com/artist/0jbo7KFNMiIkfBR6ih0yhm"}], "album": {"type": "album", "id": "66k6EGkPtYoN44anGIsEPW", "name": "Si No Est\u00e1s", "shareUrl": "https://open.spotify.com/album/66k6EGkPtYoN44anGIsEPW", "artists": [{"type": "artist", "id": "0jbo7KFNMiIkfBR6ih0yhm", "name": "i\u00f1igo quintero", "shareUrl": "https://open.spotify.com/artist/0jbo7KFNMiIkfBR6ih0yhm"}], "cover": [{"url": "https://i.scdn.co/image/ab67616d00001e025cb9531348f45311cd6fb8df", "width": 300, "height": 300}, {"url": "https://i.scdn.co/image/ab67616d000048515cb9531348f45311cd6fb8df", "width": 64, "height": 64}, {"url": "https://i.scdn.co/image/ab67616d0000b2735cb9531348f45311cd6fb8df", "width": 640, "height": 640}]}, "playlist": {"addedAt": "2023-10-03T10:49:24Z", "addedBy": null}}, {"type": "track", "id": "1kuGVB7EU95pJObxwvfwKS", "name": "vampire", "shareUrl": "https://open.spotify.com/track/1kuGVB7EU95pJObxwvfwKS", "durationMs": 219724, "durationText": "03:39", "discNumber": 1, "trackNumber": 3, "playCount": 432858794, "artists": [{"type": "artist", "id": "1McMsnEElThX1knmY4oliG", "name": "Olivia Rodrigo", "shareUrl": "https://open.spotify.com/artist/1McMsnEElThX1knmY4oliG"}], "album": {"type": "album", "id": "1xJHno7SmdVtZAtXbdbDZp", "name": "GUTS", "shareUrl": "https://open.spotify.com/album/1xJHno7SmdVtZAtXbdbDZp", "artists": [{"type": "artist", "id": "1McMsnEElThX1knmY4oliG", "name": "Olivia Rodrigo", "shareUrl": "https://open.spotify.com/artist/1McMsnEElThX1knmY4oliG"}], "cover": [{"url": "https://i.scdn.co/image/ab67616d00001e02e85259a1cae29a8d91f2093d", "width": 300, "height": 300}, {"url": "https://i.scdn.co/image/ab67616d00004851e85259a1cae29a8d91f2093d", "width": 64, "height": 64}, {"url": "https://i.scdn.co/image/ab67616d0000b273e85259a1cae29a8d91f2093d", "width": 640, "height": 640}]}, "playlist": {"addedAt": "2023-10-03T10:49:24Z", "addedBy": null}}, {"type": "track", "id": "63ui2w3QJBp8xx0c1MJB2Z", "name": "UN PREVIEW", "shareUrl": "https://open.spotify.com/track/63ui2w3QJBp8xx0c1MJB2Z", "durationMs": 165582, "durationText": "02:45", "discNumber": 1, "trackNumber": 1, "playCount": 29712924, "artists": [{"type": "artist", "id": "4q3ewBCX7sLwd24euuV69X", "name": "Bad Bunny", "shareUrl": "https://open.spotify.com/artist/4q3ewBCX7sLwd24euuV69X"}], "album": {"type": "album", "id": "72GhGik5fsSeFkgpjsllVj", "name": "UN PREVIEW", "shareUrl": "https://open.spotify.com/album/72GhGik5fsSeFkgpjsllVj", "artists": [{"type": "artist", "id": "4q3ewBCX7sLwd24euuV69X", "name": "Bad Bunny", "shareUrl": "https://open.spotify.com/artist/4q3ewBCX7sLwd24euuV69X"}], "cover": [{"url": "https://i.scdn.co/image/ab67616d00001e02c1156c6f6dedd4b9bdf89428", "width": 300, "height": 300}, {"url": "https://i.scdn.co/image/ab67616d00004851c1156c6f6dedd4b9bdf89428", "width": 64, "height": 64}, {"url": "https://i.scdn.co/image/ab67616d0000b273c1156c6f6dedd4b9bdf89428", "width": 640, "height": 640}]}, "playlist": {"addedAt": "2023-10-03T10:49:24Z", "addedBy": null}}, {"type": "track", "id": "4rXLjWdF2ZZpXCVTfWcshS", "name": "fukumean", "shareUrl": "https://open.spotify.com/track/4rXLjWdF2ZZpXCVTfWcshS", "durationMs": 125040, "durationText": "02:05", "discNumber": 1, "trackNumber": 6, "playCount": 341014134, "artists": [{"type": "artist", "id": "2hlmm7s2ICUX0LVIhVFlZQ", "name": "Gunna", "shareUrl": "https://open.spotify.com/artist/2hlmm7s2ICUX0LVIhVFlZQ"}], "album": {"type": "album", "id": "5qmZefgh78fN3jsyPPlvuw", "name": "a Gift & a Curse", "shareUrl": "https://open.spotify.com/album/5qmZefgh78fN3jsyPPlvuw", "artists": [{"type": "artist", "id": "2hlmm7s2ICUX0LVIhVFlZQ", "name": "Gunna", "shareUrl": "https://open.spotify.com/artist/2hlmm7s2ICUX0LVIhVFlZQ"}], "cover": [{"url": "https://i.scdn.co/image/ab67616d00001e02017d5e26552345c4b1575b6c", "width": 300, "height": 300}, {"url": "https://i.scdn.co/image/ab67616d00004851017d5e26552345c4b1575b6c", "width": 64, "height": 64}, {"url": "https://i.scdn.co/image/ab67616d0000b273017d5e26552345c4b1575b6c", "width": 640, "height": 640}]}, "playlist": {"addedAt": "2023-10-03T10:49:24Z", "addedBy": null}}, {"type": "track", "id": "5XeFesFbtLpXzIVDNQP22n", "name": "I Wanna Be Yours", "shareUrl": "https://open.spotify.com/track/5XeFesFbtLpXzIVDNQP22n", "durationMs": 183956, "durationText": "03:03", "discNumber": 1, "trackNumber": 12, "playCount": 1483444237, "artists": [{"type": "artist", "id": "7Ln80lUS6He07XvHI8qqHH", "name": "Arctic Monkeys", "shareUrl": "https://open.spotify.com/artist/7Ln80lUS6He07XvHI8qqHH"}], "album": {"type": "album", "id": "78bpIziExqiI9qztvNFlQu", "name": "AM", "shareUrl": "https://open.spotify.com/album/78bpIziExqiI9qztvNFlQu", "artists": [{"type": "artist", "id": "7Ln80lUS6He07XvHI8qqHH", "name": "Arctic Monkeys", "shareUrl": "https://open.spotify.com/artist/7Ln80lUS6He07XvHI8qqHH"}], "cover": [{"url": "https://i.scdn.co/image/ab67616d00001e024ae1c4c5c45aabe565499163", "width": 300, "height": 300}, {"url": "https://i.scdn.co/image/ab67616d000048514ae1c4c5c45aabe565499163", "width": 64, "height": 64}, {"url": "https://i.scdn.co/image/ab67616d0000b2734ae1c4c5c45aabe565499163", "width": 640, "height": 640}]}, "playlist": {"addedAt": "2023-10-03T10:49:24Z", "addedBy": null}}, {"type": "track", "id": "6wf7Yu7cxBSPrRlWeSeK0Q", "name": "What Was I Made For? [From The Motion Picture \"Barbie\"]", "shareUrl": "https://open.spotify.com/track/6wf7Yu7cxBSPrRlWeSeK0Q", "durationMs": 222369, "durationText": "03:42", "discNumber": 1, "trackNumber": 1, "playCount": 344168581, "artists": [{"type": "artist", "id": "6qqNVTkY8uBg9cP3Jd7DAH", "name": "Billie Eilish", "shareUrl": "https://open.spotify.com/artist/6qqNVTkY8uBg9cP3Jd7DAH"}], "album": {"type": "album", "id": "3AafSrFIbJPH6BJHiJm1Cd", "name": "What Was I Made For? [From The Motion Picture \"Barbie\"]", "shareUrl": "https://open.spotify.com/album/3AafSrFIbJPH6BJHiJm1Cd", "artists": [{"type": "artist", "id": "6qqNVTkY8uBg9cP3Jd7DAH", "name": "Billie Eilish", "shareUrl": "https://open.spotify.com/artist/6qqNVTkY8uBg9cP3Jd7DAH"}], "cover": [{"url": "https://i.scdn.co/image/ab67616d00001e02ed317ec13d3de9e01fb99c9e", "width": 300, "height": 300}, {"url": "https://i.scdn.co/image/ab67616d00004851ed317ec13d3de9e01fb99c9e", "width": 64, "height": 64}, {"url": "https://i.scdn.co/image/ab67616d0000b273ed317ec13d3de9e01fb99c9e", "width": 640, "height": 640}]}, "playlist": {"addedAt": "2023-10-03T10:49:24Z", "addedBy": null}}, {"type": "track", "id": "7mXuWTczZNxG5EDcjFEuJR", "name": "LADY GAGA", "shareUrl": "https://open.spotify.com/track/7mXuWTczZNxG5EDcjFEuJR", "durationMs": 212878, "durationText": "03:32", "discNumber": 1, "trackNumber": 10, "playCount": 282928846, "artists": [{"type": "artist", "id": "12GqGscKJx3aE4t07u7eVZ", "name": "Peso Pluma", "shareUrl": "https://open.spotify.com/artist/12GqGscKJx3aE4t07u7eVZ"}, {"type": "artist", "id": "6Sbl0NT50roqWvy746MfVf", "name": "Gabito Ballesteros", "shareUrl": "https://open.spotify.com/artist/6Sbl0NT50roqWvy746MfVf"}, {"type": "artist", "id": "7Gi6gjaWy3DxyilpF1a8Is", "name": "Junior H", "shareUrl": "https://open.spotify.com/artist/7Gi6gjaWy3DxyilpF1a8Is"}], "album": {"type": "album", "id": "4jox3ip1I39DFC2B7R5qLH", "name": "G\u00c9NESIS", "shareUrl": "https://open.spotify.com/album/4jox3ip1I39DFC2B7R5qLH", "artists": [{"type": "artist", "id": "12GqGscKJx3aE4t07u7eVZ", "name": "Peso Pluma", "shareUrl": "https://open.spotify.com/artist/12GqGscKJx3aE4t07u7eVZ"}], "cover": [{"url": "https://i.scdn.co/image/ab67616d00001e022fb583ed96f8f35cbf2897ba", "width": 300, "height": 300}, {"url": "https://i.scdn.co/image/ab67616d000048512fb583ed96f8f35cbf2897ba", "width": 64, "height": 64}, {"url": "https://i.scdn.co/image/ab67616d0000b2732fb583ed96f8f35cbf2897ba", "width": 640, "height": 640}]}, "playlist": {"addedAt": "2023-10-03T10:49:24Z", "addedBy": null}}, {"type": "track", "id": "6XbtvPmIpyCbjuT0e8cQtp", "name": "Columbia", "shareUrl": "https://open.spotify.com/track/6XbtvPmIpyCbjuT0e8cQtp", "durationMs": 186000, "durationText": "03:06", "discNumber": 1, "trackNumber": 1, "playCount": 326179824, "artists": [{"type": "artist", "id": "52iwsT98xCoGgiGntTiR7K", "name": "Quevedo", "shareUrl": "https://open.spotify.com/artist/52iwsT98xCoGgiGntTiR7K"}], "album": {"type": "album", "id": "07kam1Dks7GIucbSelfvyX", "name": "Columbia", "shareUrl": "https://open.spotify.com/album/07kam1Dks7GIucbSelfvyX", "artists": [{"type": "artist", "id": "52iwsT98xCoGgiGntTiR7K", "name": "Quevedo", "shareUrl": "https://open.spotify.com/artist/52iwsT98xCoGgiGntTiR7K"}], "cover": [{"url": "https://i.scdn.co/image/ab67616d00001e02a00a817b017c6f6bf8460be9", "width": 300, "height": 300}, {"url": "https://i.scdn.co/image/ab67616d00004851a00a817b017c6f6bf8460be9", "width": 64, "height": 64}, {"url": "https://i.scdn.co/image/ab67616d0000b273a00a817b017c6f6bf8460be9", "width": 640, "height": 640}]}, "playlist": {"addedAt": "2023-10-03T10:49:24Z", "addedBy": null}}, {"type": "track", "id": "1vYXt7VSjH9JIM5oRRo7vA", "name": "Dance The Night - From Barbie The Album", "shareUrl": "https://open.spotify.com/track/1vYXt7VSjH9JIM5oRRo7vA", "durationMs": 176579, "durationText": "02:56", "discNumber": 1, "trackNumber": 1, "playCount": 412675720, "artists": [{"type": "artist", "id": "6M2wZ9GZgrQXHCFfjv46we", "name": "Dua Lipa", "shareUrl": "https://open.spotify.com/artist/6M2wZ9GZgrQXHCFfjv46we"}], "album": {"type": "album", "id": "5cH7FqB7JD5q1tJXJ7FHYu", "name": "Dance The Night (From Barbie The Album)", "shareUrl": "https://open.spotify.com/album/5cH7FqB7JD5q1tJXJ7FHYu", "artists": [{"type": "artist", "id": "6M2wZ9GZgrQXHCFfjv46we", "name": "Dua Lipa", "shareUrl": "https://open.spotify.com/artist/6M2wZ9GZgrQXHCFfjv46we"}], "cover": [{"url": "https://i.scdn.co/image/ab67616d00001e027dd3ba455ee3390cb55b0192", "width": 300, "height": 300}, {"url": "https://i.scdn.co/image/ab67616d000048517dd3ba455ee3390cb55b0192", "width": 64, "height": 64}, {"url": "https://i.scdn.co/image/ab67616d0000b2737dd3ba455ee3390cb55b0192", "width": 640, "height": 640}]}, "playlist": {"addedAt": "2023-10-03T10:49:24Z", "addedBy": null}}, {"type": "track", "id": "1odExI7RdWc4BT515LTAwj", "name": "Daylight", "shareUrl": "https://open.spotify.com/track/1odExI7RdWc4BT515LTAwj", "durationMs": 212953, "durationText": "03:32", "discNumber": 1, "trackNumber": 1, "playCount": 598705196, "artists": [{"type": "artist", "id": "33NVpKoXjItPwUJTMZIOiY", "name": "David Kushner", "shareUrl": "https://open.spotify.com/artist/33NVpKoXjItPwUJTMZIOiY"}], "album": {"type": "album", "id": "6NcI39WPu4kY6Tul11nhSv", "name": "Daylight", "shareUrl": "https://open.spotify.com/album/6NcI39WPu4kY6Tul11nhSv", "artists": [{"type": "artist", "id": "33NVpKoXjItPwUJTMZIOiY", "name": "David Kushner", "shareUrl": "https://open.spotify.com/artist/33NVpKoXjItPwUJTMZIOiY"}], "cover": [{"url": "https://i.scdn.co/image/ab67616d00001e0295ca6a9b4083a86c149934ae", "width": 300, "height": 300}, {"url": "https://i.scdn.co/image/ab67616d0000485195ca6a9b4083a86c149934ae", "width": 64, "height": 64}, {"url": "https://i.scdn.co/image/ab67616d0000b27395ca6a9b4083a86c149934ae", "width": 640, "height": 640}]}, "playlist": {"addedAt": "2023-10-03T10:49:24Z", "addedBy": null}}, {"type": "track", "id": "59NraMJsLaMCVtwXTSia8i", "name": "Prada", "shareUrl": "https://open.spotify.com/track/59NraMJsLaMCVtwXTSia8i", "durationMs": 132359, "durationText": "02:12", "discNumber": 1, "trackNumber": 1, "playCount": 108629879, "artists": [{"type": "artist", "id": "5wCmhq5J2hPwL2r0eKurxn", "name": "cass\u00f6", "shareUrl": "https://open.spotify.com/artist/5wCmhq5J2hPwL2r0eKurxn"}, {"type": "artist", "id": "5KKpBU5eC2tJDzf0wmlRp2", "name": "RAYE", "shareUrl": "https://open.spotify.com/artist/5KKpBU5eC2tJDzf0wmlRp2"}, {"type": "artist", "id": "5VadK1havLhK1OpKYsXv9y", "name": "D-Block Europe", "shareUrl": "https://open.spotify.com/artist/5VadK1havLhK1OpKYsXv9y"}], "album": {"type": "album", "id": "5MU0RmBSpoSxOPYBfcobDc", "name": "Prada", "shareUrl": "https://open.spotify.com/album/5MU0RmBSpoSxOPYBfcobDc", "artists": [{"type": "artist", "id": "5wCmhq5J2hPwL2r0eKurxn", "name": "cass\u00f6", "shareUrl": "https://open.spotify.com/artist/5wCmhq5J2hPwL2r0eKurxn"}, {"type": "artist", "id": "5KKpBU5eC2tJDzf0wmlRp2", "name": "RAYE", "shareUrl": "https://open.spotify.com/artist/5KKpBU5eC2tJDzf0wmlRp2"}, {"type": "artist", "id": "5VadK1havLhK1OpKYsXv9y", "name": "D-Block Europe", "shareUrl": "https://open.spotify.com/artist/5VadK1havLhK1OpKYsXv9y"}], "cover": [{"url": "https://i.scdn.co/image/ab67616d00001e02e4b7dccdfd54375ded9ccc5c", "width": 300, "height": 300}, {"url": "https://i.scdn.co/image/ab67616d00004851e4b7dccdfd54375ded9ccc5c", "width": 64, "height": 64}, {"url": "https://i.scdn.co/image/ab67616d0000b273e4b7dccdfd54375ded9ccc5c", "width": 640, "height": 640}]}, "playlist": {"addedAt": "2023-10-03T10:49:24Z", "addedBy": null}}, {"type": "track", "id": "4Dvkj6JhhA12EX05fT7y2e", "name": "As It Was", "shareUrl": "https://open.spotify.com/track/4Dvkj6JhhA12EX05fT7y2e", "durationMs": 167303, "durationText": "02:47", "discNumber": 1, "trackNumber": 4, "playCount": 2708288511, "artists": [{"type": "artist", "id": "6KImCVD70vtIoJWnq6nGn3", "name": "Harry Styles", "shareUrl": "https://open.spotify.com/artist/6KImCVD70vtIoJWnq6nGn3"}], "album": {"type": "album", "id": "5r36AJ6VOJtp00oxSkBZ5h", "name": "Harry's House", "shareUrl": "https://open.spotify.com/album/5r36AJ6VOJtp00oxSkBZ5h", "artists": [{"type": "artist", "id": "6KImCVD70vtIoJWnq6nGn3", "name": "Harry Styles", "shareUrl": "https://open.spotify.com/artist/6KImCVD70vtIoJWnq6nGn3"}], "cover": [{"url": "https://i.scdn.co/image/ab67616d00001e022e8ed79e177ff6011076f5f0", "width": 300, "height": 300}, {"url": "https://i.scdn.co/image/ab67616d000048512e8ed79e177ff6011076f5f0", "width": 64, "height": 64}, {"url": "https://i.scdn.co/image/ab67616d0000b2732e8ed79e177ff6011076f5f0", "width": 640, "height": 640}]}, "playlist": {"addedAt": "2023-10-03T10:49:24Z", "addedBy": null}}, {"type": "track", "id": "7MXVkk9YMctZqd1Srtv4MB", "name": "Starboy", "shareUrl": "https://open.spotify.com/track/7MXVkk9YMctZqd1Srtv4MB", "durationMs": 230453, "durationText": "03:50", "discNumber": 1, "trackNumber": 1, "playCount": 2714056733, "artists": [{"type": "artist", "id": "1Xyo4u8uXC1ZmMpatF05PJ", "name": "The Weeknd", "shareUrl": "https://open.spotify.com/artist/1Xyo4u8uXC1ZmMpatF05PJ"}, {"type": "artist", "id": "4tZwfgrHOc3mvqYlEYSvVi", "name": "Daft Punk", "shareUrl": "https://open.spotify.com/artist/4tZwfgrHOc3mvqYlEYSvVi"}], "album": {"type": "album", "id": "2ODvWsOgouMbaA5xf0RkJe", "name": "Starboy", "shareUrl": "https://open.spotify.com/album/2ODvWsOgouMbaA5xf0RkJe", "artists": [{"type": "artist", "id": "1Xyo4u8uXC1ZmMpatF05PJ", "name": "The Weeknd", "shareUrl": "https://open.spotify.com/artist/1Xyo4u8uXC1ZmMpatF05PJ"}], "cover": [{"url": "https://i.scdn.co/image/ab67616d00001e024718e2b124f79258be7bc452", "width": 300, "height": 300}, {"url": "https://i.scdn.co/image/ab67616d000048514718e2b124f79258be7bc452", "width": 64, "height": 64}, {"url": "https://i.scdn.co/image/ab67616d0000b2734718e2b124f79258be7bc452", "width": 640, "height": 640}]}, "playlist": {"addedAt": "2023-10-03T10:49:24Z", "addedBy": null}}, {"type": "track", "id": "1Qrg8KqiBpW07V7PNxwwwL", "name": "Kill Bill", "shareUrl": "https://open.spotify.com/track/1Qrg8KqiBpW07V7PNxwwwL", "durationMs": 153946, "durationText": "02:33", "discNumber": 1, "trackNumber": 2, "playCount": 1354228715, "artists": [{"type": "artist", "id": "7tYKF4w9nC0nq9CsPZTHyP", "name": "SZA", "shareUrl": "https://open.spotify.com/artist/7tYKF4w9nC0nq9CsPZTHyP"}], "album": {"type": "album", "id": "1nrVofqDRs7cpWXJ49qTnP", "name": "SOS", "shareUrl": "https://open.spotify.com/album/1nrVofqDRs7cpWXJ49qTnP", "artists": [{"type": "artist", "id": "7tYKF4w9nC0nq9CsPZTHyP", "name": "SZA", "shareUrl": "https://open.spotify.com/artist/7tYKF4w9nC0nq9CsPZTHyP"}], "cover": [{"url": "https://i.scdn.co/image/ab67616d00001e020c471c36970b9406233842a5", "width": 300, "height": 300}, {"url": "https://i.scdn.co/image/ab67616d000048510c471c36970b9406233842a5", "width": 64, "height": 64}, {"url": "https://i.scdn.co/image/ab67616d0000b2730c471c36970b9406233842a5", "width": 640, "height": 640}]}, "playlist": {"addedAt": "2023-10-03T10:49:24Z", "addedBy": null}}, {"type": "track", "id": "6uIIdjYTxxpWOyWuVXrKQO", "name": "Que Onda", "shareUrl": "https://open.spotify.com/track/6uIIdjYTxxpWOyWuVXrKQO", "durationMs": 191466, "durationText": "03:11", "discNumber": 1, "trackNumber": 1, "playCount": 77004685, "artists": [{"type": "artist", "id": "6dLuQ5qXxIuWc5urxfIiZR", "name": "Calle 24", "shareUrl": "https://open.spotify.com/artist/6dLuQ5qXxIuWc5urxfIiZR"}, {"type": "artist", "id": "2rmkQLzj0k4nZdQehOUByO", "name": "Chino Pacas", "shareUrl": "https://open.spotify.com/artist/2rmkQLzj0k4nZdQehOUByO"}, {"type": "artist", "id": "0ys2OFYzWYB5hRDLCsBqxt", "name": "Fuerza Regida", "shareUrl": "https://open.spotify.com/artist/0ys2OFYzWYB5hRDLCsBqxt"}], "album": {"type": "album", "id": "4x6cjOcVz44aiLSOHCLKPd", "name": "Que Onda", "shareUrl": "https://open.spotify.com/album/4x6cjOcVz44aiLSOHCLKPd", "artists": [{"type": "artist", "id": "6dLuQ5qXxIuWc5urxfIiZR", "name": "Calle 24", "shareUrl": "https://open.spotify.com/artist/6dLuQ5qXxIuWc5urxfIiZR"}, {"type": "artist", "id": "2rmkQLzj0k4nZdQehOUByO", "name": "Chino Pacas", "shareUrl": "https://open.spotify.com/artist/2rmkQLzj0k4nZdQehOUByO"}, {"type": "artist", "id": "0ys2OFYzWYB5hRDLCsBqxt", "name": "Fuerza Regida", "shareUrl": "https://open.spotify.com/artist/0ys2OFYzWYB5hRDLCsBqxt"}], "cover": [{"url": "https://i.scdn.co/image/ab67616d00001e02c069abd6ab0ed961aa7b2d39", "width": 300, "height": 300}, {"url": "https://i.scdn.co/image/ab67616d00004851c069abd6ab0ed961aa7b2d39", "width": 64, "height": 64}, {"url": "https://i.scdn.co/image/ab67616d0000b273c069abd6ab0ed961aa7b2d39", "width": 640, "height": 640}]}, "playlist": {"addedAt": "2023-10-03T10:49:24Z", "addedBy": null}}, {"type": "track", "id": "3xMHXmedL5Rvfxmiar9Ryv", "name": "Chaleya", "shareUrl": "https://open.spotify.com/track/3xMHXmedL5Rvfxmiar9Ryv", "durationMs": 200373, "durationText": "03:20", "discNumber": 1, "trackNumber": 2, "playCount": 89028576, "artists": [{"type": "artist", "id": "4zCH9qm4R2DADamUHMCa6O", "name": "Anirudh Ravichander", "shareUrl": "https://open.spotify.com/artist/4zCH9qm4R2DADamUHMCa6O"}, {"type": "artist", "id": "4YRxDV8wJFPHPTeXepOstw", "name": "Arijit Singh", "shareUrl": "https://open.spotify.com/artist/4YRxDV8wJFPHPTeXepOstw"}, {"type": "artist", "id": "19LIHDDSHBD5NyYHI3gpzB", "name": "Shilpa Rao", "shareUrl": "https://open.spotify.com/artist/19LIHDDSHBD5NyYHI3gpzB"}, {"type": "artist", "id": "0m3D4grap8VFSzbJMqgNVk", "name": "Kumaar", "shareUrl": "https://open.spotify.com/artist/0m3D4grap8VFSzbJMqgNVk"}], "album": {"type": "album", "id": "3WLJmMZUeDOuERFAk1Mxs6", "name": "Jawan", "shareUrl": "https://open.spotify.com/album/3WLJmMZUeDOuERFAk1Mxs6", "artists": [{"type": "artist", "id": "4zCH9qm4R2DADamUHMCa6O", "name": "Anirudh Ravichander", "shareUrl": "https://open.spotify.com/artist/4zCH9qm4R2DADamUHMCa6O"}], "cover": [{"url": "https://i.scdn.co/image/ab67616d00001e02e452a6e11147f3e56aee6f5b", "width": 300, "height": 300}, {"url": "https://i.scdn.co/image/ab67616d00004851e452a6e11147f3e56aee6f5b", "width": 64, "height": 64}, {"url": "https://i.scdn.co/image/ab67616d0000b273e452a6e11147f3e56aee6f5b", "width": 640, "height": 640}]}, "playlist": {"addedAt": "2023-10-03T10:49:24Z", "addedBy": null}}, {"type": "track", "id": "3IX0yuEVvDbnqUwMBB3ouC", "name": "bad idea right?", "shareUrl": "https://open.spotify.com/track/3IX0yuEVvDbnqUwMBB3ouC", "durationMs": 184783, "durationText": "03:04", "discNumber": 1, "trackNumber": 2, "playCount": 169009521, "artists": [{"type": "artist", "id": "1McMsnEElThX1knmY4oliG", "name": "Olivia Rodrigo", "shareUrl": "https://open.spotify.com/artist/1McMsnEElThX1knmY4oliG"}], "album": {"type": "album", "id": "1xJHno7SmdVtZAtXbdbDZp", "name": "GUTS", "shareUrl": "https://open.spotify.com/album/1xJHno7SmdVtZAtXbdbDZp", "artists": [{"type": "artist", "id": "1McMsnEElThX1knmY4oliG", "name": "Olivia Rodrigo", "shareUrl": "https://open.spotify.com/artist/1McMsnEElThX1knmY4oliG"}], "cover": [{"url": "https://i.scdn.co/image/ab67616d00001e02e85259a1cae29a8d91f2093d", "width": 300, "height": 300}, {"url": "https://i.scdn.co/image/ab67616d00004851e85259a1cae29a8d91f2093d", "width": 64, "height": 64}, {"url": "https://i.scdn.co/image/ab67616d0000b273e85259a1cae29a8d91f2093d", "width": 640, "height": 640}]}, "playlist": {"addedAt": "2023-10-03T10:49:24Z", "addedBy": null}}, {"type": "track", "id": "4bw8mcDUSRWfQo63ZTYRnU", "name": "Seg\u00fan Qui\u00e9n", "shareUrl": "https://open.spotify.com/track/4bw8mcDUSRWfQo63ZTYRnU", "durationMs": 142334, "durationText": "02:22", "discNumber": 1, "trackNumber": 7, "playCount": 59731033, "artists": [{"type": "artist", "id": "1r4hJ1h58CWwUQe3MxPuau", "name": "Maluma", "shareUrl": "https://open.spotify.com/artist/1r4hJ1h58CWwUQe3MxPuau"}, {"type": "artist", "id": "66ihevNkSYNzRAl44dx6jJ", "name": "Carin Leon", "shareUrl": "https://open.spotify.com/artist/66ihevNkSYNzRAl44dx6jJ"}], "album": {"type": "album", "id": "3Fk8yQvPlCHgwR2pNhEIRA", "name": "Don Juan", "shareUrl": "https://open.spotify.com/album/3Fk8yQvPlCHgwR2pNhEIRA", "artists": [{"type": "artist", "id": "1r4hJ1h58CWwUQe3MxPuau", "name": "Maluma", "shareUrl": "https://open.spotify.com/artist/1r4hJ1h58CWwUQe3MxPuau"}], "cover": [{"url": "https://i.scdn.co/image/ab67616d00001e02d688b951a19f48941682e026", "width": 300, "height": 300}, {"url": "https://i.scdn.co/image/ab67616d00004851d688b951a19f48941682e026", "width": 64, "height": 64}, {"url": "https://i.scdn.co/image/ab67616d0000b273d688b951a19f48941682e026", "width": 640, "height": 640}]}, "playlist": {"addedAt": "2023-10-03T10:49:24Z", "addedBy": null}}, {"type": "track", "id": "3vkCueOmm7xQDoJ17W1Pm3", "name": "My Love Mine All Mine", "shareUrl": "https://open.spotify.com/track/3vkCueOmm7xQDoJ17W1Pm3", "durationMs": 137773, "durationText": "02:17", "discNumber": 1, "trackNumber": 7, "playCount": 33302347, "artists": [{"type": "artist", "id": "2uYWxilOVlUdk4oV9DvwqK", "name": "Mitski", "shareUrl": "https://open.spotify.com/artist/2uYWxilOVlUdk4oV9DvwqK"}], "album": {"type": "album", "id": "2Cn1d2KgbkAqbZCJ1RzdkA", "name": "The Land Is Inhospitable and So Are We", "shareUrl": "https://open.spotify.com/album/2Cn1d2KgbkAqbZCJ1RzdkA", "artists": [{"type": "artist", "id": "2uYWxilOVlUdk4oV9DvwqK", "name": "Mitski", "shareUrl": "https://open.spotify.com/artist/2uYWxilOVlUdk4oV9DvwqK"}], "cover": [{"url": "https://i.scdn.co/image/ab67616d00001e0234f21d3047d85440dfa37f10", "width": 300, "height": 300}, {"url": "https://i.scdn.co/image/ab67616d0000485134f21d3047d85440dfa37f10", "width": 64, "height": 64}, {"url": "https://i.scdn.co/image/ab67616d0000b27334f21d3047d85440dfa37f10", "width": 640, "height": 640}]}, "playlist": {"addedAt": "2023-10-03T10:49:24Z", "addedBy": null}}, {"type": "track", "id": "4KULAymBBJcPRpk1yO4dOG", "name": "I Remember Everything (feat. Kacey Musgraves)", "shareUrl": "https://open.spotify.com/track/4KULAymBBJcPRpk1yO4dOG", "durationMs": 227195, "durationText": "03:47", "discNumber": 1, "trackNumber": 11, "playCount": 97820711, "artists": [{"type": "artist", "id": "40ZNYROS4zLfyyBSs2PGe2", "name": "Zach Bryan", "shareUrl": "https://open.spotify.com/artist/40ZNYROS4zLfyyBSs2PGe2"}, {"type": "artist", "id": "70kkdajctXSbqSMJbQO424", "name": "Kacey Musgraves", "shareUrl": "https://open.spotify.com/artist/70kkdajctXSbqSMJbQO424"}], "album": {"type": "album", "id": "6PbnGueEO6LGodPfvNldYf", "name": "Zach Bryan", "shareUrl": "https://open.spotify.com/album/6PbnGueEO6LGodPfvNldYf", "artists": [{"type": "artist", "id": "40ZNYROS4zLfyyBSs2PGe2", "name": "Zach Bryan", "shareUrl": "https://open.spotify.com/artist/40ZNYROS4zLfyyBSs2PGe2"}], "cover": [{"url": "https://i.scdn.co/image/ab67616d00001e02e5a25ed08d1e7e0fbb440cef", "width": 300, "height": 300}, {"url": "https://i.scdn.co/image/ab67616d00004851e5a25ed08d1e7e0fbb440cef", "width": 64, "height": 64}, {"url": "https://i.scdn.co/image/ab67616d0000b273e5a25ed08d1e7e0fbb440cef", "width": 640, "height": 640}]}, "playlist": {"addedAt": "2023-10-03T10:49:24Z", "addedBy": null}}, {"type": "track", "id": "1u8c2t2Cy7UBoG4ArRcF5g", "name": "Blank Space", "shareUrl": "https://open.spotify.com/track/1u8c2t2Cy7UBoG4ArRcF5g", "durationMs": 231826, "durationText": "03:51", "discNumber": 1, "trackNumber": 2, "playCount": 1514020374, "artists": [{"type": "artist", "id": "06HL4z0CvFAxyc27GXpf02", "name": "Taylor Swift", "shareUrl": "https://open.spotify.com/artist/06HL4z0CvFAxyc27GXpf02"}], "album": {"type": "album", "id": "1yGbNOtRIgdIiGHOEBaZWf", "name": "1989 (Deluxe)", "shareUrl": "https://open.spotify.com/album/1yGbNOtRIgdIiGHOEBaZWf", "artists": [{"type": "artist", "id": "06HL4z0CvFAxyc27GXpf02", "name": "Taylor Swift", "shareUrl": "https://open.spotify.com/artist/06HL4z0CvFAxyc27GXpf02"}], "cover": [{"url": "https://i.scdn.co/image/ab67616d00001e0252b2a3824413eefe9e33817a", "width": 300, "height": 300}, {"url": "https://i.scdn.co/image/ab67616d0000485152b2a3824413eefe9e33817a", "width": 64, "height": 64}, {"url": "https://i.scdn.co/image/ab67616d0000b27352b2a3824413eefe9e33817a", "width": 640, "height": 640}]}, "playlist": {"addedAt": "2023-10-03T10:49:24Z", "addedBy": null}}, {"type": "track", "id": "25OeKzcqakFPaJlXHPE5lm", "name": "Primera Cita", "shareUrl": "https://open.spotify.com/track/25OeKzcqakFPaJlXHPE5lm", "durationMs": 186455, "durationText": "03:06", "discNumber": 1, "trackNumber": 9, "playCount": 232720041, "artists": [{"type": "artist", "id": "66ihevNkSYNzRAl44dx6jJ", "name": "Carin Leon", "shareUrl": "https://open.spotify.com/artist/66ihevNkSYNzRAl44dx6jJ"}], "album": {"type": "album", "id": "52PtAAvfi8ZGTRK5c700y4", "name": "Colmillo De Leche", "shareUrl": "https://open.spotify.com/album/52PtAAvfi8ZGTRK5c700y4", "artists": [{"type": "artist", "id": "66ihevNkSYNzRAl44dx6jJ", "name": "Carin Leon", "shareUrl": "https://open.spotify.com/artist/66ihevNkSYNzRAl44dx6jJ"}], "cover": [{"url": "https://i.scdn.co/image/ab67616d00001e020e30fcf494fd711ad068d1cd", "width": 300, "height": 300}, {"url": "https://i.scdn.co/image/ab67616d000048510e30fcf494fd711ad068d1cd", "width": 64, "height": 64}, {"url": "https://i.scdn.co/image/ab67616d0000b2730e30fcf494fd711ad068d1cd", "width": 640, "height": 640}]}, "playlist": {"addedAt": "2023-10-03T10:49:24Z", "addedBy": null}}, {"type": "track", "id": "0ug5NqcwcFR2xrfTkc7k8e", "name": "Style", "shareUrl": "https://open.spotify.com/track/0ug5NqcwcFR2xrfTkc7k8e", "durationMs": 231000, "durationText": "03:51", "discNumber": 1, "trackNumber": 3, "playCount": 946521797, "artists": [{"type": "artist", "id": "06HL4z0CvFAxyc27GXpf02", "name": "Taylor Swift", "shareUrl": "https://open.spotify.com/artist/06HL4z0CvFAxyc27GXpf02"}], "album": {"type": "album", "id": "1yGbNOtRIgdIiGHOEBaZWf", "name": "1989 (Deluxe)", "shareUrl": "https://open.spotify.com/album/1yGbNOtRIgdIiGHOEBaZWf", "artists": [{"type": "artist", "id": "06HL4z0CvFAxyc27GXpf02", "name": "Taylor Swift", "shareUrl": "https://open.spotify.com/artist/06HL4z0CvFAxyc27GXpf02"}], "cover": [{"url": "https://i.scdn.co/image/ab67616d00001e0252b2a3824413eefe9e33817a", "width": 300, "height": 300}, {"url": "https://i.scdn.co/image/ab67616d0000485152b2a3824413eefe9e33817a", "width": 64, "height": 64}, {"url": "https://i.scdn.co/image/ab67616d0000b27352b2a3824413eefe9e33817a", "width": 640, "height": 640}]}, "playlist": {"addedAt": "2023-10-03T10:49:24Z", "addedBy": null}}, {"type": "track", "id": "2LBqCSwhJGcFQeTHMVGwy3", "name": "Die For You", "shareUrl": "https://open.spotify.com/track/2LBqCSwhJGcFQeTHMVGwy3", "durationMs": 260253, "durationText": "04:20", "discNumber": 1, "trackNumber": 17, "playCount": 1794007610, "artists": [{"type": "artist", "id": "1Xyo4u8uXC1ZmMpatF05PJ", "name": "The Weeknd", "shareUrl": "https://open.spotify.com/artist/1Xyo4u8uXC1ZmMpatF05PJ"}], "album": {"type": "album", "id": "4AdZV63ycxFLF6Hcol0QnB", "name": "Starboy", "shareUrl": "https://open.spotify.com/album/4AdZV63ycxFLF6Hcol0QnB", "artists": [{"type": "artist", "id": "1Xyo4u8uXC1ZmMpatF05PJ", "name": "The Weeknd", "shareUrl": "https://open.spotify.com/artist/1Xyo4u8uXC1ZmMpatF05PJ"}], "cover": [{"url": "https://i.scdn.co/image/ab67616d00001e02a048415db06a5b6fa7ec4e1a", "width": 300, "height": 300}, {"url": "https://i.scdn.co/image/ab67616d00004851a048415db06a5b6fa7ec4e1a", "width": 64, "height": 64}, {"url": "https://i.scdn.co/image/ab67616d0000b273a048415db06a5b6fa7ec4e1a", "width": 640, "height": 640}]}, "playlist": {"addedAt": "2023-10-03T10:49:24Z", "addedBy": null}}, {"type": "track", "id": "2FDTHlrBguDzQkp7PVj16Q", "name": "Sprinter", "shareUrl": "https://open.spotify.com/track/2FDTHlrBguDzQkp7PVj16Q", "durationMs": 229133, "durationText": "03:49", "discNumber": 1, "trackNumber": 1, "playCount": 396579126, "artists": [{"type": "artist", "id": "6Ip8FS7vWT1uKkJSweANQK", "name": "Dave", "shareUrl": "https://open.spotify.com/artist/6Ip8FS7vWT1uKkJSweANQK"}, {"type": "artist", "id": "5H4yInM5zmHqpKIoMNAx4r", "name": "Central Cee", "shareUrl": "https://open.spotify.com/artist/5H4yInM5zmHqpKIoMNAx4r"}], "album": {"type": "album", "id": "5l0QlaI3wdZpE7ggoO5Rwg", "name": "Sprinter", "shareUrl": "https://open.spotify.com/album/5l0QlaI3wdZpE7ggoO5Rwg", "artists": [{"type": "artist", "id": "6Ip8FS7vWT1uKkJSweANQK", "name": "Dave", "shareUrl": "https://open.spotify.com/artist/6Ip8FS7vWT1uKkJSweANQK"}, {"type": "artist", "id": "5H4yInM5zmHqpKIoMNAx4r", "name": "Central Cee", "shareUrl": "https://open.spotify.com/artist/5H4yInM5zmHqpKIoMNAx4r"}], "cover": [{"url": "https://i.scdn.co/image/ab67616d00001e02e3a09a9ae3f1fa102c110e60", "width": 300, "height": 300}, {"url": "https://i.scdn.co/image/ab67616d00004851e3a09a9ae3f1fa102c110e60", "width": 64, "height": 64}, {"url": "https://i.scdn.co/image/ab67616d0000b273e3a09a9ae3f1fa102c110e60", "width": 640, "height": 640}]}, "playlist": {"addedAt": "2023-10-03T10:49:24Z", "addedBy": null}}, {"type": "track", "id": "2QjOHCTQ1Jl3zawyYOpxh6", "name": "Sweater Weather", "shareUrl": "https://open.spotify.com/track/2QjOHCTQ1Jl3zawyYOpxh6", "durationMs": 240400, "durationText": "04:00", "discNumber": 1, "trackNumber": 4, "playCount": 2409314138, "artists": [{"type": "artist", "id": "77SW9BnxLY8rJ0RciFqkHh", "name": "The Neighbourhood", "shareUrl": "https://open.spotify.com/artist/77SW9BnxLY8rJ0RciFqkHh"}], "album": {"type": "album", "id": "4xkM0BwLM9H2IUcbYzpcBI", "name": "I Love You.", "shareUrl": "https://open.spotify.com/album/4xkM0BwLM9H2IUcbYzpcBI", "artists": [{"type": "artist", "id": "77SW9BnxLY8rJ0RciFqkHh", "name": "The Neighbourhood", "shareUrl": "https://open.spotify.com/artist/77SW9BnxLY8rJ0RciFqkHh"}], "cover": [{"url": "https://i.scdn.co/image/ab67616d00001e028265a736a1eb838ad5a0b921", "width": 300, "height": 300}, {"url": "https://i.scdn.co/image/ab67616d000048518265a736a1eb838ad5a0b921", "width": 64, "height": 64}, {"url": "https://i.scdn.co/image/ab67616d0000b2738265a736a1eb838ad5a0b921", "width": 640, "height": 640}]}, "playlist": {"addedAt": "2023-10-03T10:49:24Z", "addedBy": null}}, {"type": "track", "id": "5h1BN75CEh8wdSwE1xrbSe", "name": "Slow Dancing", "shareUrl": "https://open.spotify.com/track/5h1BN75CEh8wdSwE1xrbSe", "durationMs": 187026, "durationText": "03:07", "discNumber": 1, "trackNumber": 4, "playCount": 88232115, "artists": [{"type": "artist", "id": "3JsHnjpbhX4SnySpvpa9DK", "name": "V", "shareUrl": "https://open.spotify.com/artist/3JsHnjpbhX4SnySpvpa9DK"}], "album": {"type": "album", "id": "7ixOAT89NSsgUITYc5ByB5", "name": "Layover", "shareUrl": "https://open.spotify.com/album/7ixOAT89NSsgUITYc5ByB5", "artists": [{"type": "artist", "id": "3JsHnjpbhX4SnySpvpa9DK", "name": "V", "shareUrl": "https://open.spotify.com/artist/3JsHnjpbhX4SnySpvpa9DK"}], "cover": [{"url": "https://i.scdn.co/image/ab67616d00001e028e504c5aedaae49a73ed4963", "width": 300, "height": 300}, {"url": "https://i.scdn.co/image/ab67616d000048518e504c5aedaae49a73ed4963", "width": 64, "height": 64}, {"url": "https://i.scdn.co/image/ab67616d0000b2738e504c5aedaae49a73ed4963", "width": 640, "height": 640}]}, "playlist": {"addedAt": "2023-10-03T10:49:24Z", "addedBy": null}}, {"type": "track", "id": "7jtQIBanIiJOMS6RyCx6jZ", "name": "Another Love", "shareUrl": "https://open.spotify.com/track/7jtQIBanIiJOMS6RyCx6jZ", "durationMs": 244360, "durationText": "04:04", "discNumber": 1, "trackNumber": 3, "playCount": 1945986950, "artists": [{"type": "artist", "id": "2txHhyCwHjUEpJjWrEyqyX", "name": "Tom Odell", "shareUrl": "https://open.spotify.com/artist/2txHhyCwHjUEpJjWrEyqyX"}], "album": {"type": "album", "id": "0KGBW1MQtC2aFPCDUdAkdJ", "name": "Long Way Down", "shareUrl": "https://open.spotify.com/album/0KGBW1MQtC2aFPCDUdAkdJ", "artists": [{"type": "artist", "id": "2txHhyCwHjUEpJjWrEyqyX", "name": "Tom Odell", "shareUrl": "https://open.spotify.com/artist/2txHhyCwHjUEpJjWrEyqyX"}], "cover": [{"url": "https://i.scdn.co/image/ab67616d00001e021b51f809c31f0d98f67c0b7d", "width": 300, "height": 300}, {"url": "https://i.scdn.co/image/ab67616d000048511b51f809c31f0d98f67c0b7d", "width": 64, "height": 64}, {"url": "https://i.scdn.co/image/ab67616d0000b2731b51f809c31f0d98f67c0b7d", "width": 640, "height": 640}]}, "playlist": {"addedAt": "2023-10-03T10:49:24Z", "addedBy": null}}, {"type": "track", "id": "6WzRpISELf3YglGAh7TXcG", "name": "Popular (with Playboi Carti & Madonna) - Music from the HBO Original Series", "shareUrl": "https://open.spotify.com/track/6WzRpISELf3YglGAh7TXcG", "durationMs": 215466, "durationText": "03:35", "discNumber": 1, "trackNumber": 1, "playCount": 280865681, "artists": [{"type": "artist", "id": "1Xyo4u8uXC1ZmMpatF05PJ", "name": "The Weeknd", "shareUrl": "https://open.spotify.com/artist/1Xyo4u8uXC1ZmMpatF05PJ"}, {"type": "artist", "id": "699OTQXzgjhIYAHMy9RyPD", "name": "Playboi Carti", "shareUrl": "https://open.spotify.com/artist/699OTQXzgjhIYAHMy9RyPD"}, {"type": "artist", "id": "6tbjWDEIzxoDsBA1FuhfPW", "name": "Madonna", "shareUrl": "https://open.spotify.com/artist/6tbjWDEIzxoDsBA1FuhfPW"}], "album": {"type": "album", "id": "5O0zUvdnJr0RbWzLFneN2i", "name": "Popular (Music from the HBO Original Series)", "shareUrl": "https://open.spotify.com/album/5O0zUvdnJr0RbWzLFneN2i", "artists": [{"type": "artist", "id": "1Xyo4u8uXC1ZmMpatF05PJ", "name": "The Weeknd", "shareUrl": "https://open.spotify.com/artist/1Xyo4u8uXC1ZmMpatF05PJ"}, {"type": "artist", "id": "6tbjWDEIzxoDsBA1FuhfPW", "name": "Madonna", "shareUrl": "https://open.spotify.com/artist/6tbjWDEIzxoDsBA1FuhfPW"}], "cover": [{"url": "https://i.scdn.co/image/ab67616d00001e024c8f092adc59b4bf4212389d", "width": 300, "height": 300}, {"url": "https://i.scdn.co/image/ab67616d000048514c8f092adc59b4bf4212389d", "width": 64, "height": 64}, {"url": "https://i.scdn.co/image/ab67616d0000b2734c8f092adc59b4bf4212389d", "width": 640, "height": 640}]}, "playlist": {"addedAt": "2023-10-03T10:49:24Z", "addedBy": null}}, {"type": "track", "id": "6XSqqQIy7Lm7SnwxS4NrGx", "name": "Classy 101", "shareUrl": "https://open.spotify.com/track/6XSqqQIy7Lm7SnwxS4NrGx", "durationMs": 195986, "durationText": "03:15", "discNumber": 1, "trackNumber": 1, "playCount": 511503353, "artists": [{"type": "artist", "id": "2LRoIwlKmHjgvigdNGBHNo", "name": "Feid", "shareUrl": "https://open.spotify.com/artist/2LRoIwlKmHjgvigdNGBHNo"}, {"type": "artist", "id": "3qsKSpcV3ncke3hw52JSMB", "name": "Young Miko", "shareUrl": "https://open.spotify.com/artist/3qsKSpcV3ncke3hw52JSMB"}], "album": {"type": "album", "id": "4jtQUtS4ABgER3DnGfKJCv", "name": "Classy 101", "shareUrl": "https://open.spotify.com/album/4jtQUtS4ABgER3DnGfKJCv", "artists": [{"type": "artist", "id": "2LRoIwlKmHjgvigdNGBHNo", "name": "Feid", "shareUrl": "https://open.spotify.com/artist/2LRoIwlKmHjgvigdNGBHNo"}, {"type": "artist", "id": "3qsKSpcV3ncke3hw52JSMB", "name": "Young Miko", "shareUrl": "https://open.spotify.com/artist/3qsKSpcV3ncke3hw52JSMB"}], "cover": [{"url": "https://i.scdn.co/image/ab67616d00001e0229ebee2b5fb008871fcd201a", "width": 300, "height": 300}, {"url": "https://i.scdn.co/image/ab67616d0000485129ebee2b5fb008871fcd201a", "width": 64, "height": 64}, {"url": "https://i.scdn.co/image/ab67616d0000b27329ebee2b5fb008871fcd201a", "width": 640, "height": 640}]}, "playlist": {"addedAt": "2023-10-03T10:49:24Z", "addedBy": null}}, {"type": "track", "id": "0V3wPSX9ygBnCm8psDIegu", "name": "Anti-Hero", "shareUrl": "https://open.spotify.com/track/0V3wPSX9ygBnCm8psDIegu", "durationMs": 200690, "durationText": "03:20", "discNumber": 1, "trackNumber": 3, "playCount": 1152223713, "artists": [{"type": "artist", "id": "06HL4z0CvFAxyc27GXpf02", "name": "Taylor Swift", "shareUrl": "https://open.spotify.com/artist/06HL4z0CvFAxyc27GXpf02"}], "album": {"type": "album", "id": "151w1FgRZfnKZA9FEcg9Z3", "name": "Midnights", "shareUrl": "https://open.spotify.com/album/151w1FgRZfnKZA9FEcg9Z3", "artists": [{"type": "artist", "id": "06HL4z0CvFAxyc27GXpf02", "name": "Taylor Swift", "shareUrl": "https://open.spotify.com/artist/06HL4z0CvFAxyc27GXpf02"}], "cover": [{"url": "https://i.scdn.co/image/ab67616d00001e02bb54dde68cd23e2a268ae0f5", "width": 300, "height": 300}, {"url": "https://i.scdn.co/image/ab67616d00004851bb54dde68cd23e2a268ae0f5", "width": 64, "height": 64}, {"url": "https://i.scdn.co/image/ab67616d0000b273bb54dde68cd23e2a268ae0f5", "width": 640, "height": 640}]}, "playlist": {"addedAt": "2023-10-03T10:49:24Z", "addedBy": null}}, {"type": "track", "id": "6irysuQyZWd7Bjj7ePiOs2", "name": "Holanda", "shareUrl": "https://open.spotify.com/track/6irysuQyZWd7Bjj7ePiOs2", "durationMs": 231693, "durationText": "03:51", "discNumber": 1, "trackNumber": 1, "playCount": 119389528, "artists": [{"type": "artist", "id": "6nVcHLIgY5pE2YCl8ubca1", "name": "Jhayco", "shareUrl": "https://open.spotify.com/artist/6nVcHLIgY5pE2YCl8ubca1"}], "album": {"type": "album", "id": "42D6fdFJ4SLnh4jXZJrsNa", "name": "Holanda", "shareUrl": "https://open.spotify.com/album/42D6fdFJ4SLnh4jXZJrsNa", "artists": [{"type": "artist", "id": "6nVcHLIgY5pE2YCl8ubca1", "name": "Jhayco", "shareUrl": "https://open.spotify.com/artist/6nVcHLIgY5pE2YCl8ubca1"}], "cover": [{"url": "https://i.scdn.co/image/ab67616d00001e02cd2ceb6adaa32ecc83cec5c3", "width": 300, "height": 300}, {"url": "https://i.scdn.co/image/ab67616d00004851cd2ceb6adaa32ecc83cec5c3", "width": 64, "height": 64}, {"url": "https://i.scdn.co/image/ab67616d0000b273cd2ceb6adaa32ecc83cec5c3", "width": 640, "height": 640}]}, "playlist": {"addedAt": "2023-10-03T10:49:24Z", "addedBy": null}}, {"type": "track", "id": "7DSAEUvxU8FajXtRloy8M0", "name": "Flowers", "shareUrl": "https://open.spotify.com/track/7DSAEUvxU8FajXtRloy8M0", "durationMs": 200600, "durationText": "03:20", "discNumber": 1, "trackNumber": 1, "playCount": 1505384084, "artists": [{"type": "artist", "id": "5YGY8feqx7naU7z4HrwZM6", "name": "Miley Cyrus", "shareUrl": "https://open.spotify.com/artist/5YGY8feqx7naU7z4HrwZM6"}], "album": {"type": "album", "id": "5DvJgsMLbaR1HmAI6VhfcQ", "name": "Endless Summer Vacation", "shareUrl": "https://open.spotify.com/album/5DvJgsMLbaR1HmAI6VhfcQ", "artists": [{"type": "artist", "id": "5YGY8feqx7naU7z4HrwZM6", "name": "Miley Cyrus", "shareUrl": "https://open.spotify.com/artist/5YGY8feqx7naU7z4HrwZM6"}], "cover": [{"url": "https://i.scdn.co/image/ab67616d00001e02cd222052a2594be29a6616b5", "width": 300, "height": 300}, {"url": "https://i.scdn.co/image/ab67616d00004851cd222052a2594be29a6616b5", "width": 64, "height": 64}, {"url": "https://i.scdn.co/image/ab67616d0000b273cd222052a2594be29a6616b5", "width": 640, "height": 640}]}, "playlist": {"addedAt": "2023-10-03T10:49:24Z", "addedBy": null}}, {"type": "track", "id": "5sdQOyqq2IDhvmx2lHOpwd", "name": "Super Shy", "shareUrl": "https://open.spotify.com/track/5sdQOyqq2IDhvmx2lHOpwd", "durationMs": 154666, "durationText": "02:34", "discNumber": 1, "trackNumber": 2, "playCount": 263511015, "artists": [{"type": "artist", "id": "6HvZYsbFfjnjFrWF950C9d", "name": "NewJeans", "shareUrl": "https://open.spotify.com/artist/6HvZYsbFfjnjFrWF950C9d"}], "album": {"type": "album", "id": "5V729UqvhwNOcMejx0m55I", "name": "NewJeans 'Super Shy'", "shareUrl": "https://open.spotify.com/album/5V729UqvhwNOcMejx0m55I", "artists": [{"type": "artist", "id": "6HvZYsbFfjnjFrWF950C9d", "name": "NewJeans", "shareUrl": "https://open.spotify.com/artist/6HvZYsbFfjnjFrWF950C9d"}], "cover": [{"url": "https://i.scdn.co/image/ab67616d00001e023d98a0ae7c78a3a9babaf8af", "width": 300, "height": 300}, {"url": "https://i.scdn.co/image/ab67616d000048513d98a0ae7c78a3a9babaf8af", "width": 64, "height": 64}, {"url": "https://i.scdn.co/image/ab67616d0000b2733d98a0ae7c78a3a9babaf8af", "width": 640, "height": 640}]}, "playlist": {"addedAt": "2023-10-03T10:49:24Z", "addedBy": null}}, {"type": "track", "id": "6wsqVwoiVH2kde4k4KKAFU", "name": "I KNOW ?", "shareUrl": "https://open.spotify.com/track/6wsqVwoiVH2kde4k4KKAFU", "durationMs": 211582, "durationText": "03:31", "discNumber": 1, "trackNumber": 10, "playCount": 151877671, "artists": [{"type": "artist", "id": "0Y5tJX1MQlPlqiwlOH1tJY", "name": "Travis Scott", "shareUrl": "https://open.spotify.com/artist/0Y5tJX1MQlPlqiwlOH1tJY"}], "album": {"type": "album", "id": "18NOKLkZETa4sWwLMIm0UZ", "name": "UTOPIA", "shareUrl": "https://open.spotify.com/album/18NOKLkZETa4sWwLMIm0UZ", "artists": [{"type": "artist", "id": "0Y5tJX1MQlPlqiwlOH1tJY", "name": "Travis Scott", "shareUrl": "https://open.spotify.com/artist/0Y5tJX1MQlPlqiwlOH1tJY"}], "cover": [{"url": "https://i.scdn.co/image/ab67616d00001e02881d8d8378cd01099babcd44", "width": 300, "height": 300}, {"url": "https://i.scdn.co/image/ab67616d00004851881d8d8378cd01099babcd44", "width": 64, "height": 64}, {"url": "https://i.scdn.co/image/ab67616d0000b273881d8d8378cd01099babcd44", "width": 640, "height": 640}]}, "playlist": {"addedAt": "2023-10-03T10:49:24Z", "addedBy": null}}, {"type": "track", "id": "4iZ4pt7kvcaH6Yo8UoZ4s2", "name": "Snooze", "shareUrl": "https://open.spotify.com/track/4iZ4pt7kvcaH6Yo8UoZ4s2", "durationMs": 201800, "durationText": "03:21", "discNumber": 1, "trackNumber": 8, "playCount": 522751233, "artists": [{"type": "artist", "id": "7tYKF4w9nC0nq9CsPZTHyP", "name": "SZA", "shareUrl": "https://open.spotify.com/artist/7tYKF4w9nC0nq9CsPZTHyP"}], "album": {"type": "album", "id": "07w0rG5TETcyihsEIZR3qG", "name": "SOS", "shareUrl": "https://open.spotify.com/album/07w0rG5TETcyihsEIZR3qG", "artists": [{"type": "artist", "id": "7tYKF4w9nC0nq9CsPZTHyP", "name": "SZA", "shareUrl": "https://open.spotify.com/artist/7tYKF4w9nC0nq9CsPZTHyP"}], "cover": [{"url": "https://i.scdn.co/image/ab67616d00001e0270dbc9f47669d120ad874ec1", "width": 300, "height": 300}, {"url": "https://i.scdn.co/image/ab67616d0000485170dbc9f47669d120ad874ec1", "width": 64, "height": 64}, {"url": "https://i.scdn.co/image/ab67616d0000b27370dbc9f47669d120ad874ec1", "width": 640, "height": 640}]}, "playlist": {"addedAt": "2023-10-03T10:49:24Z", "addedBy": null}}, {"type": "track", "id": "2gyxAWHebV7xPYVxqoi86f", "name": "get him back!", "shareUrl": "https://open.spotify.com/track/2gyxAWHebV7xPYVxqoi86f", "durationMs": 211141, "durationText": "03:31", "discNumber": 1, "trackNumber": 8, "playCount": 76823188, "artists": [{"type": "artist", "id": "1McMsnEElThX1knmY4oliG", "name": "Olivia Rodrigo", "shareUrl": "https://open.spotify.com/artist/1McMsnEElThX1knmY4oliG"}], "album": {"type": "album", "id": "1xJHno7SmdVtZAtXbdbDZp", "name": "GUTS", "shareUrl": "https://open.spotify.com/album/1xJHno7SmdVtZAtXbdbDZp", "artists": [{"type": "artist", "id": "1McMsnEElThX1knmY4oliG", "name": "Olivia Rodrigo", "shareUrl": "https://open.spotify.com/artist/1McMsnEElThX1knmY4oliG"}], "cover": [{"url": "https://i.scdn.co/image/ab67616d00001e02e85259a1cae29a8d91f2093d", "width": 300, "height": 300}, {"url": "https://i.scdn.co/image/ab67616d00004851e85259a1cae29a8d91f2093d", "width": 64, "height": 64}, {"url": "https://i.scdn.co/image/ab67616d0000b273e85259a1cae29a8d91f2093d", "width": 640, "height": 640}]}, "playlist": {"addedAt": "2023-10-03T10:49:24Z", "addedBy": null}}, {"type": "track", "id": "5PUXKVVVQ74C3gl5vKy9Li", "name": "Heeriye (feat. Arijit Singh)", "shareUrl": "https://open.spotify.com/track/5PUXKVVVQ74C3gl5vKy9Li", "durationMs": 194857, "durationText": "03:14", "discNumber": 1, "trackNumber": 1, "playCount": 111564028, "artists": [{"type": "artist", "id": "74OaRjmyh0XyRZsQQQ5l7c", "name": "Jasleen Royal", "shareUrl": "https://open.spotify.com/artist/74OaRjmyh0XyRZsQQQ5l7c"}, {"type": "artist", "id": "4YRxDV8wJFPHPTeXepOstw", "name": "Arijit Singh", "shareUrl": "https://open.spotify.com/artist/4YRxDV8wJFPHPTeXepOstw"}, {"type": "artist", "id": "3NHwwyb1coYa5cLyI72xSk", "name": "Dulquer Salmaan", "shareUrl": "https://open.spotify.com/artist/3NHwwyb1coYa5cLyI72xSk"}], "album": {"type": "album", "id": "1wt2WZBZZ9GhM0AC61l7SS", "name": "Heeriye (feat. Arijit Singh)", "shareUrl": "https://open.spotify.com/album/1wt2WZBZZ9GhM0AC61l7SS", "artists": [{"type": "artist", "id": "74OaRjmyh0XyRZsQQQ5l7c", "name": "Jasleen Royal", "shareUrl": "https://open.spotify.com/artist/74OaRjmyh0XyRZsQQQ5l7c"}, {"type": "artist", "id": "4YRxDV8wJFPHPTeXepOstw", "name": "Arijit Singh", "shareUrl": "https://open.spotify.com/artist/4YRxDV8wJFPHPTeXepOstw"}, {"type": "artist", "id": "3NHwwyb1coYa5cLyI72xSk", "name": "Dulquer Salmaan", "shareUrl": "https://open.spotify.com/artist/3NHwwyb1coYa5cLyI72xSk"}], "cover": [{"url": "https://i.scdn.co/image/ab67616d00001e024a60872ae145776164540a7f", "width": 300, "height": 300}, {"url": "https://i.scdn.co/image/ab67616d000048514a60872ae145776164540a7f", "width": 64, "height": 64}, {"url": "https://i.scdn.co/image/ab67616d0000b2734a60872ae145776164540a7f", "width": 640, "height": 640}]}, "playlist": {"addedAt": "2023-10-03T10:49:24Z", "addedBy": null}}, {"type": "track", "id": "6IPwKM3fUUzlElbvKw2sKl", "name": "we fell in love in october", "shareUrl": "https://open.spotify.com/track/6IPwKM3fUUzlElbvKw2sKl", "durationMs": 184153, "durationText": "03:04", "discNumber": 1, "trackNumber": 1, "playCount": 782430186, "artists": [{"type": "artist", "id": "3uwAm6vQy7kWPS2bciKWx9", "name": "girl in red", "shareUrl": "https://open.spotify.com/artist/3uwAm6vQy7kWPS2bciKWx9"}], "album": {"type": "album", "id": "7vud0sY43VTv28MbWiglDa", "name": "we fell in love in october / October Passed Me By", "shareUrl": "https://open.spotify.com/album/7vud0sY43VTv28MbWiglDa", "artists": [{"type": "artist", "id": "3uwAm6vQy7kWPS2bciKWx9", "name": "girl in red", "shareUrl": "https://open.spotify.com/artist/3uwAm6vQy7kWPS2bciKWx9"}], "cover": [{"url": "https://i.scdn.co/image/ab67616d00001e02d6839051c4760457e1a60b2a", "width": 300, "height": 300}, {"url": "https://i.scdn.co/image/ab67616d00004851d6839051c4760457e1a60b2a", "width": 64, "height": 64}, {"url": "https://i.scdn.co/image/ab67616d0000b273d6839051c4760457e1a60b2a", "width": 640, "height": 640}]}, "playlist": {"addedAt": "2023-10-03T10:49:24Z", "addedBy": null}}, {"type": "track", "id": "2yzshFeBIwH8tWIqHEFLeD", "name": "un x100to", "shareUrl": "https://open.spotify.com/track/2yzshFeBIwH8tWIqHEFLeD", "durationMs": 194563, "durationText": "03:14", "discNumber": 1, "trackNumber": 2, "playCount": 675308826, "artists": [{"type": "artist", "id": "6XkjpgcEsYab502Vr1bBeW", "name": "Grupo Frontera", "shareUrl": "https://open.spotify.com/artist/6XkjpgcEsYab502Vr1bBeW"}, {"type": "artist", "id": "4q3ewBCX7sLwd24euuV69X", "name": "Bad Bunny", "shareUrl": "https://open.spotify.com/artist/4q3ewBCX7sLwd24euuV69X"}], "album": {"type": "album", "id": "5i9lMMUZ1QZNsLEE3j50kT", "name": "El Comienzo", "shareUrl": "https://open.spotify.com/album/5i9lMMUZ1QZNsLEE3j50kT", "artists": [{"type": "artist", "id": "6XkjpgcEsYab502Vr1bBeW", "name": "Grupo Frontera", "shareUrl": "https://open.spotify.com/artist/6XkjpgcEsYab502Vr1bBeW"}], "cover": [{"url": "https://i.scdn.co/image/ab67616d00001e0282ce4c7bbf861185252e82ae", "width": 300, "height": 300}, {"url": "https://i.scdn.co/image/ab67616d0000485182ce4c7bbf861185252e82ae", "width": 64, "height": 64}, {"url": "https://i.scdn.co/image/ab67616d0000b27382ce4c7bbf861185252e82ae", "width": 640, "height": 640}]}, "playlist": {"addedAt": "2023-10-03T10:49:24Z", "addedBy": null}}, {"type": "track", "id": "3qQbCzHBycnDpGskqOWY0E", "name": "Ella Baila Sola", "shareUrl": "https://open.spotify.com/track/3qQbCzHBycnDpGskqOWY0E", "durationMs": 165671, "durationText": "02:45", "discNumber": 1, "trackNumber": 6, "playCount": 899798987, "artists": [{"type": "artist", "id": "0XeEobZplHxzM9QzFQWLiR", "name": "Eslabon Armado", "shareUrl": "https://open.spotify.com/artist/0XeEobZplHxzM9QzFQWLiR"}, {"type": "artist", "id": "12GqGscKJx3aE4t07u7eVZ", "name": "Peso Pluma", "shareUrl": "https://open.spotify.com/artist/12GqGscKJx3aE4t07u7eVZ"}], "album": {"type": "album", "id": "5aDEezKnOqyQo0qvTFhpkM", "name": "DESVELADO", "shareUrl": "https://open.spotify.com/album/5aDEezKnOqyQo0qvTFhpkM", "artists": [{"type": "artist", "id": "0XeEobZplHxzM9QzFQWLiR", "name": "Eslabon Armado", "shareUrl": "https://open.spotify.com/artist/0XeEobZplHxzM9QzFQWLiR"}], "cover": [{"url": "https://i.scdn.co/image/ab67616d00001e02dfddf1cb31b85a6d28b7d91f", "width": 300, "height": 300}, {"url": "https://i.scdn.co/image/ab67616d00004851dfddf1cb31b85a6d28b7d91f", "width": 64, "height": 64}, {"url": "https://i.scdn.co/image/ab67616d0000b273dfddf1cb31b85a6d28b7d91f", "width": 640, "height": 640}]}, "playlist": {"addedAt": "2023-10-03T10:49:24Z", "addedBy": null}}, {"type": "track", "id": "5PyDJG7SQRgWXefgexqIge", "name": "Agora Hills", "shareUrl": "https://open.spotify.com/track/5PyDJG7SQRgWXefgexqIge", "durationMs": 265360, "durationText": "04:25", "discNumber": 1, "trackNumber": 9, "playCount": 24556342, "artists": [{"type": "artist", "id": "5cj0lLjcoR7YOSnhnX0Po5", "name": "Doja Cat", "shareUrl": "https://open.spotify.com/artist/5cj0lLjcoR7YOSnhnX0Po5"}], "album": {"type": "album", "id": "1bBez9PNvkJPW08bU7NYta", "name": "Scarlet", "shareUrl": "https://open.spotify.com/album/1bBez9PNvkJPW08bU7NYta", "artists": [{"type": "artist", "id": "5cj0lLjcoR7YOSnhnX0Po5", "name": "Doja Cat", "shareUrl": "https://open.spotify.com/artist/5cj0lLjcoR7YOSnhnX0Po5"}], "cover": [{"url": "https://i.scdn.co/image/ab67616d00001e02a840032f14ab22da396e43cb", "width": 300, "height": 300}, {"url": "https://i.scdn.co/image/ab67616d00004851a840032f14ab22da396e43cb", "width": 64, "height": 64}, {"url": "https://i.scdn.co/image/ab67616d0000b273a840032f14ab22da396e43cb", "width": 640, "height": 640}]}, "playlist": {"addedAt": "2023-10-03T10:49:24Z", "addedBy": null}}]}}